Model,Accuracy,Precision,Recall,F1-score,AUC,Balanced Accuracy
DummyClassifier,0.8686371100164204,0.4343185550082102,0.5,0.4648506151142355,0.5,0.5
