Model,Accuracy,Precision,Recall,F1-score,AUC,Balanced Accuracy
DummyClassifier,0.8862275449101796,0.4431137724550898,0.5,0.46984126984126984,0.5,0.5
