location,gpsLat,gpsLong,polygon,EV_station_counts,population,school_count,university_count,restaurant_count,place_of_worship_count,community_centre_count,townhall_count,parking_count,library_count,park_count,cinema_count,commercial_count,government_count,civic_count,retail_count,landuse,oneway_exists,average_lanes,high_way,average_maxspeed,nodes,edges,density,output,energy_predicted
Location 15,43.56020142,13.51086363,"POLYGON ((13.507764509660669 43.55794048578961, 13.507764509660669 43.562462344454396, 13.51396274534473 43.562462344454396, 13.51396274534473 43.55794048578961, 13.507764509660669 43.55794048578961))",1,0.234339144,0,0,3,0,0,0,0,0,0,0,1,0,0,7,commercial,yes,2,service,50,12,14,0.106060606,1,447.9082769752284
Location 24,44.907736,8.6362299,"POLYGON ((8.63305899241533 44.905475070667606, 8.63305899241533 44.909996929332394, 8.63940080758467 44.909996929332394, 8.63940080758467 44.905475070667606, 8.63305899241533 44.905475070667606))",4,2.287125682,0,0,6,0,0,0,11,0,0,0,2,0,0,9,commercial,yes,2,service,50,16,23,0.095833333,1,447.94762049617304
Location 51,45.56666667,10.0,"POLYGON ((9.996792107312213 45.564405737334305, 9.996792107312213 45.56892759599909, 10.003207892687787 45.56892759599909, 10.003207892687787 45.564405737334305, 9.996792107312213 45.564405737334305))",1,3.992501277,0,0,2,2,0,1,11,1,1,0,0,0,0,1,Other,yes,2,residential,50,71,132,0.026559356,1,447.9336892017771
Location 54,44.70879722,10.62519722,"POLYGON ((10.622037232205221 44.70653629288981, 10.622037232205221 44.711058151554596, 10.628357212239179 44.711058151554596, 10.628357212239179 44.70653629288981, 10.622037232205221 44.70653629288981))",1,2.554282645,3,0,3,0,1,0,42,0,5,0,1,0,0,0,commercial,yes,2,service,50,44,75,0.039640592,1,447.9443411981516
Location 83,45.51666667,12.18333333,"POLYGON ((12.180128292229544 45.51440573733431, 12.180128292229544 45.518927595999095, 12.186538374437056 45.518927595999095, 12.186538374437056 45.51440573733431, 12.180128292229544 45.51440573733431))",1,2.873444855,1,0,0,2,2,0,8,0,8,0,0,0,0,0,Other,yes,2,residential,50,63,118,0.030209933,1,447.94748360295955
